0.00508454, 0.0064381, 0.00664611, 0.00729861, 0.00729861, 0.00763991, 0.00729861, 0.00640033, 0.00477532, 0.00441653, 0.00208057, 0.0017941, 0.00159802, 0.00136398, 0.00132084, 0.00102849, 0.001027, 0.001027, 0.001027, 0.000697811, 0.000697811, 0.000354862, 0.000348326, 0.000267281, 0.000260884, 0.000205532, 0.000175149, 0.000185033, 0.000201997, 0.000259635, 0.000277325, 0.000290396, 0.000277325, 0.000277325, 0.000261509, 0.000211668, 0.000158601, 0.000150787, 0.000162903, 0.000176044, 0.00016542, 0.000176044, 0.000184015, 0.00019396, 0.000188987, 0.000229093, 0.000188987, 0.00017737, 0.000197031, 0.000414959, 0.000726347, 0.00137091, 0.00170795, 0.00394661, 0.00421524, 0.00421524, 0.00275891, 0.00262426, 0.00203045
0.00508454, 0.00557449, 0.00659763, 0.00664611, 0.00729861, 0.00729861, 0.00729861, 0.00640033, 0.00477532, 0.00441653, 0.00220822, 0.00180904, 0.00159802, 0.00136398, 0.00132084, 0.00116204, 0.001027, 0.001027, 0.001027, 0.000726317, 0.000697811, 0.000540762, 0.000354862, 0.000348326, 0.000267281, 0.000234339, 0.000205532, 0.000205532, 0.000201997, 0.000259635, 0.000277325, 0.000293139, 0.000277325, 0.000277325, 0.000261509, 0.000211668, 0.000159652, 0.000159652, 0.000162903, 0.000188925, 0.00016542, 0.000188925, 0.000184015, 0.00019396, 0.000220831, 0.000245417, 0.000229093, 0.000223713, 0.000197031, 0.000223713, 0.000632887, 0.000726347, 0.00170795, 0.00240669, 0.00421524, 0.00438593, 0.00421524, 0.00421524, 0.00989773
0.00425817, 0.00508454, 0.00557449, 0.00659763, 0.00664611, 0.00664611, 0.00640033, 0.00574221, 0.00449364, 0.00324855, 0.00208057, 0.00159802, 0.00136398, 0.00132084, 0.00116204, 0.001027, 0.00101428, 0.00100007, 0.000804661, 0.000726317, 0.000600192, 0.000540762, 0.000404362, 0.000354862, 0.00027858, 0.000234339, 0.000216523, 0.000216523, 0.000216523, 0.000252663, 0.000277325, 0.000290396, 0.000277325, 0.000261509, 0.000211668, 0.000185134, 0.000158601, 0.000158601, 0.00016542, 0.000182373, 0.000182373, 0.000185736, 0.000188987, 0.00019396, 0.000220831, 0.000245417, 0.000245417, 0.000188515, 0.000188515, 0.000294581, 0.000632887, 0.000726347, 0.00170795, 0.00240669, 0.00421524, 0.00578428, 0.00578428, 0.00578428, 0.00722445
0.00425185, 0.00425817, 0.00500661, 0.00557449, 0.00613044, 0.00613044, 0.00574221, 0.00458228, 0.00402176, 0.00233777, 0.00185939, 0.00138114, 0.00116204, 0.00116204, 0.00101428, 0.00101428, 0.000919154, 0.000843636, 0.000798922, 0.000610345, 0.000540762, 0.000490012, 0.000404362, 0.000356883, 0.000316381, 0.000267867, 0.000224017, 0.000224017, 0.000247568, 0.000267867, 0.000277325, 0.000293139, 0.000252663, 0.000221524, 0.000207027, 0.000171293, 0.000159652, 0.000178071, 0.000182373, 0.000188649, 0.000185736, 0.000188925, 0.00019396, 0.000220831, 0.000245417, 0.000252432, 0.000252432, 0.000252432, 0.000259768, 0.00032554, 0.000587953, 0.000703338, 0.00137091, 0.00240669, 0.00394661, 0.00578428, 0.00578428, 0.00722445, 0.00722445
0.00394304, 0.00394304, 0.00425185, 0.00488876, 0.00500661, 0.00535054, 0.00458228, 0.00440478, 0.00324855, 0.00204816, 0.00158216, 0.00115703, 0.00108781, 0.00102637, 0.000959406, 0.000944191, 0.000873867, 0.000804661, 0.000723977, 0.000592929, 0.000527841, 0.000490012, 0.000404362, 0.000356883, 0.000316381, 0.000267867, 0.000244245, 0.000258592, 0.000252663, 0.000286629, 0.000286629, 0.000286629, 0.000252663, 0.000210515, 0.000188066, 0.000185134, 0.000171293, 0.000186357, 0.000186357, 0.000188649, 0.000188649, 0.00019396, 0.00020836, 0.000245417, 0.000269889, 0.000269889, 0.000262634, 0.000293764, 0.000294581, 0.000299811, 0.000417989, 0.000587953, 0.000703338, 0.00137091, 0.00240669, 0.00394661, 0.00578428, 0.00722445, 0.00722445
0.00248136, 0.00344669, 0.00394304, 0.00425185, 0.0044693, 0.00458228, 0.00440478, 0.00373385, 0.00204816, 0.00185939, 0.00112839, 0.00108781, 0.00107897, 0.000959406, 0.000944191, 0.000904213, 0.000864235, 0.000723977, 0.000592929, 0.000527841, 0.000445336, 0.000490012, 0.000387131, 0.000356883, 0.000316381, 0.000267867, 0.000244245, 0.000267867, 0.000267867, 0.000286629, 0.000286629, 0.000286629, 0.000257135, 0.000207027, 0.000188066, 0.000188066, 0.000186357, 0.000191861, 0.000191861, 0.000192045, 0.000188649, 0.00020836, 0.000229136, 0.000269889, 0.000293764, 0.000316814, 0.000293764, 0.000299811, 0.000299811, 0.000299811, 0.00032554, 0.000417989, 0.000587953, 0.000703338, 0.00131517, 0.00192879, 0.0030851, 0.00339628, 0.00339628
0.00173796, 0.00248136, 0.0033915, 0.0039304, 0.00399295, 0.00440478, 0.00373385, 0.00289101, 0.00204816, 0.00138177, 0.00111784, 0.00107897, 0.00095572, 0.000944191, 0.000864235, 0.000841684, 0.000723977, 0.000592929, 0.000550814, 0.000445336, 0.000403106, 0.00044081, 0.000387864, 0.000387864, 0.000332282, 0.000258592, 0.000244245, 0.000258592, 0.000270273, 0.000287988, 0.000338244, 0.000338244, 0.000286629, 0.000190747, 0.000188066, 0.000188066, 0.000191861, 0.000200049, 0.000191861, 0.000192045, 0.000192045, 0.0002088, 0.000259604, 0.000293352, 0.000316814, 0.000330627, 0.000330627, 0.000330627, 0.000299811, 0.000294581, 0.00028757, 0.000294581, 0.000417989, 0.000470693, 0.000703338, 0.00106322, 0.00156713, 0.00256728, 0.00256728
0.00173796, 0.00248136, 0.00250872, 0.00334962, 0.00334962, 0.00334962, 0.0030059, 0.00259647, 0.00195315, 0.00115368, 0.00111784, 0.00095572, 0.000950571, 0.000885344, 0.000841684, 0.000789864, 0.000707062, 0.00059029, 0.000445356, 0.000403106, 0.000392263, 0.000424898, 0.00044081, 0.00044081, 0.000332505, 0.000307688, 0.000244245, 0.000270273, 0.000286629, 0.00033637, 0.000364611, 0.000364611, 0.000338244, 0.000278604, 0.000190747, 0.000210862, 0.000210862, 0.000210862, 0.000210862, 0.000200049, 0.0002088, 0.000257042, 0.000269889, 0.000316814, 0.000333965, 0.000346235, 0.000346235, 0.000346235, 0.000330627, 0.000330627, 0.00028757, 0.00028757, 0.000297546, 0.000402843, 0.000522896, 0.000703338, 0.00106322, 0.00117056, 0.000667285
0.00243363, 0.00173796, 0.00243363, 0.00250872, 0.0030059, 0.0030059, 0.00289101, 0.00259647, 0.00163329, 0.00138177, 0.00113026, 0.000950571, 0.000901083, 0.000885344, 0.000792509, 0.000707062, 0.000613046, 0.000550814, 0.000445356, 0.000392263, 0.000392263, 0.00044081, 0.000462856, 0.000462856, 0.000387864, 0.000308706, 0.00027041, 0.00027041, 0.000319484, 0.000364611, 0.000417493, 0.000397884, 0.000397884, 0.000338244, 0.000325807, 0.000278604, 0.00025314, 0.000250317, 0.000250317, 0.000250317, 0.000257042, 0.000305285, 0.000333965, 0.000362645, 0.000390147, 0.00041765, 0.00041765, 0.00041765, 0.00041765, 0.000388052, 0.000358454, 0.000277482, 0.000297546, 0.000301609, 0.000402843, 0.000522896, 0.000522896, 0.000522896, 0.000463604
0.00243363, 0.00243363, 0.00243363, 0.00250872, 0.00273134, 0.0030059, 0.00273134, 0.00259647, 0.00163329, 0.00155937, 0.00115368, 0.000950571, 0.000901083, 0.000885344, 0.000789864, 0.000707062, 0.000613046, 0.000550814, 0.000377739, 0.000392263, 0.000424898, 0.000462856, 0.000462856, 0.000462856, 0.000411239, 0.000308706, 0.00027041, 0.00027041, 0.00033637, 0.000417493, 0.000417493, 0.000417493, 0.000397884, 0.000395004, 0.000346932, 0.000336507, 0.000336507, 0.000336507, 0.000336507, 0.000312723, 0.000368263, 0.000379784, 0.000423803, 0.000434044, 0.000434044, 0.000434044, 0.000434044, 0.00041765, 0.00041765, 0.000388052, 0.000358454, 0.000297546, 0.000278039, 0.000301609, 0.000376969, 0.000376969, 0.00046051, 0.00046051, 0.000231041
0.00180122, 0.00180122, 0.00180122, 0.00180122, 0.00219744, 0.00248208, 0.00248208, 0.00219744, 0.00163329, 0.00155937, 0.00115368, 0.000901083, 0.000766163, 0.000766163, 0.000766163, 0.000613046, 0.000550814, 0.000426538, 0.000374781, 0.000374781, 0.00040732, 0.00045886, 0.000462856, 0.0004203, 0.000411239, 0.000308706, 0.00027041, 0.00027041, 0.00033637, 0.000417493, 0.000417493, 0.000417493, 0.000397884, 0.000395004, 0.000403893, 0.00042719, 0.000403893, 0.000403893, 0.000347207, 0.00033122, 0.000368263, 0.000379784, 0.000428923, 0.000448836, 0.000448836, 0.000448836, 0.000434044, 0.00041765, 0.000388052, 0.000358454, 0.00031464, 0.000278039, 0.000277482, 0.000242616, 0.000242616, 0.000242616, 0.000227938, 0.000227938, 0.000203797
0.00243363, 0.00243363, 0.00180122, 0.00180122, 0.00213306, 0.00219744, 0.00219744, 0.00248208, 0.0019104, 0.00159137, 0.00129959, 0.000766163, 0.000743179, 0.000672211, 0.000574731, 0.00054058, 0.000506101, 0.000408357, 0.000364523, 0.000364523, 0.00040732, 0.0004203, 0.000433281, 0.000433281, 0.000416906, 0.000320282, 0.000277184, 0.000327905, 0.00041039, 0.000417493, 0.000439982, 0.000439982, 0.000417493, 0.000459998, 0.000459998, 0.000471988, 0.000435371, 0.000435371, 0.000435371, 0.000394136, 0.000379784, 0.000399841, 0.000475046, 0.000475046, 0.000475046, 0.000448836, 0.000448836, 0.0003956, 0.000366489, 0.00031464, 0.00031464, 0.000278039, 0.000278039, 0.000242616, 0.000242616, 0.000227938, 0.000227938, 0.000203797, 0.00018856
0.00306405, 0.00243363, 0.00180122, 0.00171097, 0.0019104, 0.00209559, 0.00219744, 0.00248208, 0.00248208, 0.00248208, 0.00159137, 0.00129959, 0.000839359, 0.000672211, 0.000574731, 0.000574731, 0.000523341, 0.000506101, 0.000408357, 0.00040732, 0.0004203, 0.000433281, 0.000433281, 0.000433281, 0.000433281, 0.000433281, 0.000370574, 0.00041039, 0.000509177, 0.000607963, 0.000607963, 0.000607963, 0.000607963, 0.000573789, 0.000492426, 0.000471988, 0.000471988, 0.00046058, 0.000435371, 0.000435371, 0.000399841, 0.000508305, 0.000508305, 0.000508305, 0.000508305, 0.000460261, 0.000428923, 0.000366489, 0.000348599, 0.000309671, 0.000268762, 0.000268762, 0.000268762, 0.000242616, 0.000223356, 0.000194554, 0.00018856, 0.00018856, 0.00018856
0.00370239, 0.00306405, 0.00249331, 0.00180122, 0.0019104, 0.00213306, 0.00248208, 0.00273876, 0.00310416, 0.00310416, 0.00310416, 0.00310416, 0.00310416, 0.00188823, 0.00187786, 0.00101248, 0.00101248, 0.00064007, 0.00064007, 0.000574424, 0.000574424, 0.000543003, 0.000543003, 0.00049734, 0.00049734, 0.000455526, 0.000536494, 0.000594379, 0.000662893, 0.000788172, 0.000788172, 0.000800025, 0.000740358, 0.000657073, 0.000599985, 0.000573789, 0.000492426, 0.000491779, 0.000763361, 0.000769286, 0.000769286, 0.000769286, 0.000648399, 0.000578245, 0.000508305, 0.000460261, 0.000412216, 0.000366489, 0.00031464, 0.00031464, 0.00031464, 0.00031464, 0.000278039, 0.000242616, 0.000239311, 0.000227938, 0.00018856, 0.00018856, 0.000130779
0.00249331, 0.00249331, 0.00249331, 0.00150383, 0.00178046, 0.00182218, 0.00273876, 0.00325217, 0.00365535, 0.00464241, 0.00552125, 0.00552125, 0.00552125, 0.00361338, 0.00361338, 0.00207761, 0.00187786, 0.00122677, 0.00105657, 0.000894125, 0.000894125, 0.000795535, 0.000783505, 0.000694329, 0.000594849, 0.000522756, 0.000538864, 0.000594379, 0.000733682, 0.000788172, 0.000788172, 0.000800025, 0.000740358, 0.000657073, 0.000599985, 0.000573789, 0.000492426, 0.000533466, 0.000763361, 0.000769286, 0.000769286, 0.000769286, 0.000728208, 0.000578245, 0.000567176, 0.000412216, 0.000353781, 0.000284982, 0.00027782, 0.00027782, 0.000268762, 0.000268762, 0.000268762, 0.000239311, 0.000214573, 0.000169221, 0.000169221, 0.000130779, 0.000111355
0.00370239, 0.00306405, 0.00249331, 0.00249331, 0.00178046, 0.00182218, 0.00325217, 0.00365535, 0.00464241, 0.00647417, 0.00820767, 0.00820767, 0.00820767, 0.0073817, 0.0073817, 0.00681578, 0.00681578, 0.0038954, 0.0038954, 0.00225853, 0.00225853, 0.00144789, 0.00144789, 0.000843285, 0.000843285, 0.000694329, 0.000594849, 0.000638282, 0.000734098, 0.000788172, 0.000800025, 0.000835985, 0.000800025, 0.000689024, 0.000646048, 0.000599985, 0.000599985, 0.000763361, 0.000765826, 0.000958195, 0.000979623, 0.000958195, 0.000888931, 0.000648399, 0.000567176, 0.000393025, 0.000353781, 0.00027782, 0.00027782, 0.00027782, 0.000326526, 0.000326526, 0.000326526, 0.000248839, 0.000214573, 0.000169221, 0.000138827, 0.000119379, 0.000126012
0.0034001, 0.00269838, 0.00249331, 0.00218073, 0.00218073, 0.00218073, 0.00389357, 0.00520163, 0.0060313, 0.00820767, 0.00820767, 0.00820767, 0.00820767, 0.0073817, 0.0073817, 0.00681578, 0.00681578, 0.00482811, 0.00482811, 0.00446478, 0.00446478, 0.00287803, 0.00287803, 0.00163444, 0.00161003, 0.000994076, 0.000874633, 0.000780394, 0.000780394, 0.000843787, 0.000843787, 0.000843787, 0.000843787, 0.000843787, 0.000689024, 0.000646048, 0.000763361, 0.000765826, 0.00084719, 0.000876307, 0.000876307, 0.000876307, 0.000734205, 0.000648399, 0.000546865, 0.000393025, 0.000300097, 0.000262438, 0.000262438, 0.00027782, 0.000283105, 0.000283105, 0.000283105, 0.000248839, 0.000214573, 0.000169221, 0.000135612, 0.000126012, 0.000126012
0.00295356, 0.00295356, 0.00295356, 0.00249331, 0.00290822, 0.00389357, 0.00520163, 0.0060313, 0.0060313, 0.00820767, 0.00820767, 0.00820767, 0.00820767, 0.0073817, 0.0073817, 0.00681578, 0.00734215, 0.00734215, 0.00734215, 0.0072311, 0.0104204, 0.0104204, 0.0104204, 0.0104204, 0.0104204, 0.00752803, 0.00752803, 0.00452687, 0.00452687, 0.00355966, 0.00355966, 0.00307566, 0.00307566, 0.00211835, 0.00211835, 0.00171211, 0.00171211, 0.00120442, 0.00116564, 0.00103048, 0.00103048, 0.000979623, 0.000888931, 0.000734205, 0.000556962, 0.000470331, 0.000393025, 0.000324769, 0.00027782, 0.000324769, 0.000326526, 0.000326526, 0.000326526, 0.000252575, 0.000214573, 0.000170201, 0.000138827, 0.000127926, 0.000127926
0.00269838, 0.00269838, 0.00295356, 0.00218073, 0.00290822, 0.00389357, 0.00520163, 0.0060313, 0.0060313, 0.0060313, 0.00499925, 0.0039672, 0.00255129, 0.00305901, 0.00556609, 0.00556609, 0.00556609, 0.00482811, 0.0072311, 0.0072311, 0.0104204, 0.0104204, 0.0104204, 0.0104204, 0.0104204, 0.00752803, 0.00752803, 0.00502558, 0.00502558, 0.00502558, 0.00502558, 0.00399812, 0.00396262, 0.0027439, 0.0027439, 0.00188499, 0.00188499, 0.00122799, 0.00120442, 0.000883048, 0.000883048, 0.000876307, 0.000850249, 0.000734205, 0.000556962, 0.000470331, 0.000396794, 0.000303728, 0.000272799, 0.000283105, 0.000283105, 0.000283105, 0.000283105, 0.000252127, 0.000208296, 0.000169134, 0.000138827, 0.000126012, 0.000126012
0.00295356, 0.00295356, 0.00295356, 0.00295356, 0.00290822, 0.00328714, 0.00393996, 0.0045184, 0.0045184, 0.0039672, 0.00390277, 0.00274113, 0.00231877, 0.00231877, 0.00244993, 0.00285168, 0.00482811, 0.00482811, 0.0072311, 0.0072311, 0.0104204, 0.0104204, 0.0104204, 0.0104204, 0.0104204, 0.00752803, 0.00885781, 0.00885781, 0.00885781, 0.00675411, 0.00675411, 0.0057861, 0.0054649, 0.00396262, 0.00356031, 0.00315015, 0.00211386, 0.00203888, 0.00143535, 0.00116564, 0.00111195, 0.00104029, 0.000888931, 0.000825233, 0.000646793, 0.000556962, 0.000459082, 0.000365259, 0.000324769, 0.000324769, 0.000324769, 0.000339707, 0.00025397, 0.000252127, 0.000208296, 0.000157755, 0.000138827, 0.000123369, 0.000114121
0.00333009, 0.00295356, 0.00295356, 0.0023835, 0.0026317, 0.00290822, 0.00390277, 0.00393996, 0.00393996, 0.00390458, 0.00341101, 0.00274113, 0.00190236, 0.00183964, 0.00231877, 0.00231877, 0.00231877, 0.0021885, 0.00199116, 0.00199116, 0.00274751, 0.00274751, 0.00415791, 0.00415791, 0.00696902, 0.00696902, 0.00696902, 0.00502558, 0.00502558, 0.00502558, 0.00502558, 0.00399812, 0.00399812, 0.0027439, 0.0027439, 0.00188499, 0.00188499, 0.00122799, 0.00122799, 0.00100867, 0.00100867, 0.00094637, 0.000850249, 0.000734205, 0.000646793, 0.00057251, 0.000459082, 0.000365259, 0.000331801, 0.000324769, 0.000261476, 0.00025397, 0.000252127, 0.00022572, 0.000170201, 0.000148595, 0.000123369, 0.000104164, 9.9625e-05
0.00376984, 0.00333009, 0.00333009, 0.00295356, 0.00295356, 0.00325383, 0.00331831, 0.00393996, 0.00390458, 0.00390458, 0.00327453, 0.00274113, 0.00190236, 0.00183964, 0.00183964, 0.00183964, 0.00183964, 0.00152328, 0.00152328, 0.00116831, 0.00141016, 0.00141016, 0.00224461, 0.00224461, 0.00369187, 0.00369187, 0.00502558, 0.00502558, 0.00502558, 0.00502558, 0.00502558, 0.00401247, 0.00401247, 0.00313172, 0.00313172, 0.00221949, 0.00203888, 0.0017034, 0.00159683, 0.00124937, 0.00116608, 0.00114359, 0.00094637, 0.000825233, 0.000703061, 0.000646793, 0.00057251, 0.000459082, 0.000441108, 0.000339707, 0.000331801, 0.000261476, 0.00025397, 0.000237086, 0.000194126, 0.000148595, 0.000123369, 0.000107746, 9.9625e-05
0.00352702, 0.00333009, 0.00333009, 0.0023835, 0.0026317, 0.00325383, 0.00331831, 0.00331831, 0.00331831, 0.00327453, 0.00253749, 0.00172871, 0.00137334, 0.0010662, 0.0010662, 0.0010662, 0.000956073, 0.000845947, 0.000666374, 0.000616361, 0.000502681, 0.000549078, 0.000737834, 0.000843402, 0.00161351, 0.00165303, 0.00316694, 0.00316694, 0.00401247, 0.00401247, 0.00401247, 0.00399812, 0.00313172, 0.0027439, 0.00221949, 0.00188499, 0.0017034, 0.00122799, 0.00122799, 0.00100867, 0.00100867, 0.000976583, 0.00094637, 0.000825083, 0.000719154, 0.000674728, 0.000583347, 0.000441108, 0.000441108, 0.000331801, 0.000286748, 0.000229473, 0.000229473, 0.000209061, 0.000194126, 0.000148595, 0.000140653, 0.000114121, 0.000143885
0.00376984, 0.00352702, 0.00352702, 0.00333009, 0.00325383, 0.00325383, 0.00325383, 0.00269809, 0.00269809, 0.00177581, 0.0017482, 0.00137334, 0.0010662, 0.00101931, 0.000912845, 0.000845947, 0.000822437, 0.000710072, 0.000616361, 0.000502681, 0.000502681, 0.000502681, 0.000549078, 0.000737834, 0.000843402, 0.00109832, 0.00161351, 0.00165303, 0.00213236, 0.00213236, 0.00213236, 0.00213236, 0.00213236, 0.00169859, 0.00169859, 0.00130378, 0.00130378, 0.00122085, 0.00122085, 0.00124937, 0.00124937, 0.00124937, 0.00114359, 0.000938403, 0.000804006, 0.000699775, 0.000646793, 0.000511777, 0.000490288, 0.000362624, 0.000286748, 0.000259036, 0.000226404, 0.00021565, 0.000209061, 0.000190063, 0.000158899, 0.000143885, 0.000201239
0.00383664, 0.00376984, 0.00352702, 0.0023835, 0.00241851, 0.00254794, 0.00269809, 0.00269809, 0.00269809, 0.00211111, 0.0017482, 0.0017482, 0.00117974, 0.00101931, 0.000912845, 0.000912845, 0.000822437, 0.000822437, 0.000710072, 0.000616361, 0.000502681, 0.000549078, 0.000622953, 0.000622953, 0.000763778, 0.000826549, 0.00109832, 0.00123826, 0.00132903, 0.00123826, 0.00123826, 0.00110588, 0.00110588, 0.00110588, 0.00104085, 0.00104085, 0.000978296, 0.00100867, 0.00100867, 0.00102193, 0.001122, 0.001122, 0.0010974, 0.000938403, 0.000804006, 0.000699775, 0.000522158, 0.000441108, 0.000344432, 0.000286748, 0.000229406, 0.000211184, 0.000211184, 0.00021565, 0.00021565, 0.00021565, 0.000190063, 0.000201239, 0.000243693
0.0048651, 0.00383664, 0.00367965, 0.00352702, 0.00335366, 0.00325383, 0.00325383, 0.00275541, 0.00275541, 0.00275541, 0.00275541, 0.00211111, 0.00211111, 0.00178649, 0.00178649, 0.00162696, 0.00162696, 0.00125941, 0.00125941, 0.000925521, 0.000925521, 0.000685409, 0.000737834, 0.000843402, 0.000918519, 0.000918519, 0.000918519, 0.000763778, 0.000837511, 0.000886127, 0.00104277, 0.00110588, 0.00104277, 0.00104085, 0.00104085, 0.000876312, 0.000876312, 0.000978296, 0.00102193, 0.0011223, 0.00137876, 0.00137876, 0.00123067, 0.0010974, 0.000938403, 0.000804006, 0.000522158, 0.000387031, 0.000344432, 0.000276516, 0.000229406, 0.000216253, 0.00021565, 0.00021565, 0.000216253, 0.000264632, 0.000264632, 0.000264632, 0.000382925
0.00376984, 0.00376984, 0.00367965, 0.00230975, 0.0026238, 0.0026238, 0.00296069, 0.00296069, 0.00296069, 0.00296069, 0.00296069, 0.00257182, 0.00256912, 0.00199827, 0.00199827, 0.00162696, 0.00162696, 0.00125941, 0.00125941, 0.000925521, 0.000925521, 0.000685409, 0.000685409, 0.000622953, 0.000763778, 0.000763778, 0.000763778, 0.000585784, 0.000676623, 0.00078943, 0.00078943, 0.00078943, 0.000986133, 0.000986133, 0.000986133, 0.000986133, 0.000978296, 0.00102193, 0.00110521, 0.00112215, 0.0011223, 0.00137876, 0.00137876, 0.00123067, 0.000974497, 0.00080787, 0.000503861, 0.000387031, 0.000330897, 0.000231409, 0.000226404, 0.000181998, 0.00021565, 0.000216253, 0.000262554, 0.000299174, 0.000299174, 0.000271434, 0.000269927
0.00518427, 0.00383664, 0.00367965, 0.00367965, 0.00354812, 0.00354812, 0.00379286, 0.00422192, 0.00422192, 0.00422192, 0.00422192, 0.00345732, 0.00310652, 0.00256912, 0.00256912, 0.00238268, 0.00189645, 0.00183403, 0.00145672, 0.00145672, 0.00112662, 0.00112662, 0.00100171, 0.00100171, 0.000918519, 0.000918519, 0.000569025, 0.000568387, 0.000450278, 0.000461908, 0.000804699, 0.000886127, 0.00104085, 0.00104085, 0.00117817, 0.00117817, 0.00117817, 0.00117817, 0.00117817, 0.00137876, 0.00146424, 0.00155, 0.00155, 0.0015354, 0.00123067, 0.00080787, 0.00052577, 0.000387031, 0.000330897, 0.000231409, 0.000224092, 0.00021565, 0.00021565, 0.000216253, 0.000262554, 0.000299174, 0.000299174, 0.000276939, 0.000271434
0.00783385, 0.00518427, 0.00518427, 0.00367965, 0.00367965, 0.00374548, 0.00374548, 0.00374548, 0.00374548, 0.00296069, 0.00296069, 0.00257182, 0.00257182, 0.00228889, 0.00256912, 0.00256912, 0.00256912, 0.00183403, 0.00179885, 0.00145672, 0.00145672, 0.00112662, 0.00112662, 0.00100171, 0.000918519, 0.000649461, 0.000568387, 0.000430141, 0.000403871, 0.000403871, 0.000461908, 0.00077842, 0.000917086, 0.000986133, 0.00117817, 0.00117817, 0.00117817, 0.00117817, 0.001377, 0.00139086, 0.00153362, 0.00155, 0.00188047, 0.00188047, 0.0015354, 0.00080787, 0.00052577, 0.00037304, 0.000269029, 0.000227195, 0.000185362, 0.000165987, 0.000165987, 0.000166078, 0.000221425, 0.000262554, 0.000276939, 0.000271434, 0.000269927
0.00898744, 0.00783385, 0.00764788, 0.00524223, 0.00524223, 0.00499553, 0.00499553, 0.00422192, 0.00428153, 0.00428153, 0.00428153, 0.00374544, 0.00374856, 0.00374856, 0.00374856, 0.0026527, 0.0026527, 0.0026527, 0.0026527, 0.00179885, 0.00179885, 0.00151618, 0.00148647, 0.00117644, 0.00100171, 0.000918519, 0.000649461, 0.000568387, 0.000476121, 0.000461908, 0.00046466, 0.000592245, 0.000917086, 0.000966892, 0.00156687, 0.00156687, 0.00178743, 0.00178743, 0.00178743, 0.00155, 0.00155, 0.00193097, 0.00193097, 0.00207776, 0.00188047, 0.00104441, 0.000742089, 0.000505559, 0.000315075, 0.000227195, 0.000220749, 0.000152469, 0.000150185, 0.000155738, 0.000194343, 0.000221425, 0.000261792, 0.000269927, 0.000291865
0.00898744, 0.00783385, 0.00783385, 0.00524223, 0.00524223, 0.00499553, 0.00499553, 0.00374548, 0.00374548, 0.00296069, 0.00296069, 0.00257182, 0.00257182, 0.00236572, 0.00266295, 0.00266295, 0.00266295, 0.00266295, 0.00266295, 0.00250163, 0.002263, 0.00190068, 0.00151618, 0.00117644, 0.00117644, 0.000649461, 0.000649461, 0.000430141, 0.000430141, 0.000356185, 0.000461908, 0.00046466, 0.000804699, 0.000917086, 0.00110913, 0.00117817, 0.00117817, 0.00117817, 0.00152965, 0.00153362, 0.00153362, 0.00193097, 0.00255857, 0.0025707, 0.00218793, 0.00165639, 0.000742089, 0.000517136, 0.000380555, 0.000243975, 0.000227195, 0.000209288, 0.000155738, 0.000164008, 0.000176418, 0.000194343, 0.000221425, 0.000261792, 0.000283989
0.0100048, 0.00898744, 0.00898744, 0.00815902, 0.00815902, 0.00764788, 0.00572379, 0.00565893, 0.00428153, 0.00428153, 0.00374544, 0.00374544, 0.00374544, 0.0036378, 0.00450455, 0.00364283, 0.00364283, 0.00364283, 0.00364283, 0.00307947, 0.00250163, 0.002263, 0.00197964, 0.0012392, 0.00117644, 0.000768727, 0.000662054, 0.000632057, 0.000594693, 0.00054626, 0.000592245, 0.000662422, 0.000778343, 0.000917086, 0.000960229, 0.00110913, 0.00110913, 0.00110913, 0.00152965, 0.00153362, 0.00155, 0.00193097, 0.0025707, 0.0025707, 0.0025707, 0.00218582, 0.00104441, 0.000633815, 0.000517136, 0.000380555, 0.000282715, 0.000243975, 0.000228208, 0.000209288, 0.000194343, 0.000221425, 0.000236798, 0.000283989, 0.000283989
0.0170409, 0.0100048, 0.0100048, 0.0100048, 0.0100048, 0.00815902, 0.00815902, 0.00572379, 0.00565893, 0.00428153, 0.00428153, 0.00374544, 0.0036378, 0.00329608, 0.00329608, 0.0026929, 0.00338608, 0.00338608, 0.00338608, 0.00338608, 0.00250163, 0.00197964, 0.00190068, 0.00117644, 0.000908541, 0.000655585, 0.000655585, 0.000519675, 0.000628526, 0.000628526, 0.000628526, 0.000628526, 0.000713961, 0.000713961, 0.000778343, 0.000435113, 0.000435113, 0.0004869, 0.000661743, 0.00104002, 0.00152965, 0.00189172, 0.00255857, 0.0025707, 0.00243779, 0.00218582, 0.00104441, 0.000633815, 0.000517136, 0.000380555, 0.000282715, 0.000248023, 0.000258872, 0.000258872, 0.000258872, 0.000236798, 0.000236798, 0.000252329, 0.000252329
0.0278847, 0.0170409, 0.0170409, 0.0167608, 0.0167608, 0.0167608, 0.0167608, 0.011958, 0.011958, 0.0069289, 0.0069289, 0.00477958, 0.00477958, 0.00405879, 0.00450455, 0.00450455, 0.00496441, 0.00496441, 0.00496441, 0.00403333, 0.00403333, 0.00247396, 0.00197964, 0.0012392, 0.0010292, 0.000768727, 0.000745491, 0.000662054, 0.000662422, 0.000662422, 0.000713961, 0.000713961, 0.000713961, 0.000500918, 0.000374832, 0.000374832, 0.000435113, 0.000435113, 0.0004869, 0.000727857, 0.00104002, 0.00169023, 0.00239375, 0.00243779, 0.00243779, 0.00218582, 0.0013959, 0.000814703, 0.000444198, 0.000339578, 0.000307006, 0.00030185, 0.000282715, 0.000283285, 0.000283285, 0.000283285, 0.000252329, 0.000252329, 0.000174684
0.0436516, 0.0278847, 0.0278847, 0.0183812, 0.0183812, 0.0167608, 0.0167608, 0.011958, 0.011958, 0.0069289, 0.0069289, 0.00498672, 0.00498672, 0.00479241, 0.00479241, 0.00404224, 0.00404224, 0.00338608, 0.00338608, 0.00338608, 0.00338608, 0.00279658, 0.00238257, 0.00214618, 0.00197964, 0.00116669, 0.00101697, 0.00101697, 0.00101697, 0.000660754, 0.000660754, 0.000628526, 0.000628526, 0.000395586, 0.000374832, 0.000318365, 0.000424788, 0.00044884, 0.000492523, 0.000727857, 0.000963191, 0.00164061, 0.00189172, 0.00239375, 0.00239375, 0.00224678, 0.0013959, 0.000928228, 0.000814703, 0.000444198, 0.000307006, 0.000333806, 0.000336769, 0.000336769, 0.000333806, 0.000283285, 0.000252329, 0.000174684, 0.00016188
0.0534198, 0.0436516, 0.0361641, 0.0328245, 0.0328245, 0.0220936, 0.0220936, 0.0131911, 0.0131911, 0.0100068, 0.00954746, 0.00929362, 0.00896427, 0.00657827, 0.00657827, 0.00533684, 0.00533684, 0.00473962, 0.00473962, 0.00338608, 0.00338608, 0.00313334, 0.00313334, 0.00247396, 0.00238257, 0.00238257, 0.00214588, 0.00149325, 0.00123467, 0.00101697, 0.000727291, 0.000705026, 0.000500918, 0.000395586, 0.000362651, 0.000374832, 0.000430109, 0.00044884, 0.000521332, 0.000727857, 0.000963191, 0.00164061, 0.00180142, 0.00224921, 0.00224921, 0.00224678, 0.00156365, 0.00130398, 0.00106747, 0.000928228, 0.000928228, 0.000677224, 0.000677224, 0.000560757, 0.000425325, 0.000333806, 0.000283285, 0.000226425, 0.000360728
0.0361641, 0.0361641, 0.0361641, 0.0183812, 0.0183812, 0.0167608, 0.0131911, 0.011958, 0.0100068, 0.0069289, 0.0069289, 0.00498672, 0.00498672, 0.00479241, 0.00479241, 0.00404224, 0.00404224, 0.00338608, 0.00338608, 0.00296807, 0.00279658, 0.00279658, 0.00279658, 0.00239793, 0.00239793, 0.00239793, 0.00238257, 0.00149325, 0.00123905, 0.000705026, 0.000660754, 0.000476805, 0.000395586, 0.000356465, 0.000318365, 0.000356465, 0.000405158, 0.000430109, 0.000521332, 0.000727857, 0.000904822, 0.00154675, 0.00175754, 0.00224434, 0.00224678, 0.00224678, 0.00146321, 0.00130398, 0.00106747, 0.000928228, 0.000928228, 0.000901652, 0.00079369, 0.000754123, 0.000560757, 0.000416924, 0.000327694, 0.000327694, 0.000360728
0.0361641, 0.0361641, 0.0361641, 0.0227724, 0.0220936, 0.0188822, 0.0131911, 0.010891, 0.0100068, 0.00929362, 0.00737139, 0.00681459, 0.00506439, 0.00506439, 0.00506439, 0.00461656, 0.00461656, 0.00296807, 0.00295855, 0.00261595, 0.00261595, 0.00313334, 0.00313334, 0.00340652, 0.00360612, 0.00340652, 0.00241748, 0.00214588, 0.00149325, 0.00110815, 0.000705026, 0.000476805, 0.000372227, 0.000356465, 0.000356465, 0.000362651, 0.000430109, 0.000430109, 0.000521332, 0.000865542, 0.00100239, 0.00131536, 0.00175754, 0.00186443, 0.00186443, 0.00186443, 0.00156365, 0.00117267, 0.00117267, 0.00106747, 0.00106747, 0.000975514, 0.000975514, 0.000914851, 0.000754123, 0.000491921, 0.000416924, 0.000360728, 0.00152934
0.0338163, 0.0313875, 0.0278358, 0.0184196, 0.0184196, 0.014137, 0.0122268, 0.00784069, 0.00777553, 0.00681459, 0.00548476, 0.00498672, 0.00479241, 0.00461656, 0.00461656, 0.00404224, 0.00308592, 0.002631, 0.002631, 0.00178735, 0.00214618, 0.00214618, 0.00239793, 0.00239793, 0.00239793, 0.00239793, 0.00239793, 0.00180361, 0.00155294, 0.00110815, 0.000900342, 0.000661649, 0.000476805, 0.000372227, 0.000362651, 0.000362651, 0.000409909, 0.000430109, 0.000540629, 0.000865542, 0.00104977, 0.00131536, 0.00175754, 0.00177814, 0.00177814, 0.00156365, 0.00146321, 0.00117267, 0.00117267, 0.000933413, 0.00103493, 0.00103493, 0.00103493, 0.00100961, 0.00100961, 0.00100961, 0.000713269, 0.00152934, 0.00152934
0.0360501, 0.031398, 0.0278358, 0.0227724, 0.0204304, 0.0188822, 0.0136234, 0.010891, 0.00784069, 0.00695812, 0.00504531, 0.00395862, 0.00308592, 0.00308592, 0.00308592, 0.00308592, 0.00295855, 0.002631, 0.00252131, 0.00168539, 0.00202193, 0.00202193, 0.00239793, 0.00239793, 0.00239793, 0.00239793, 0.00239793, 0.00180361, 0.00164259, 0.00136799, 0.0010934, 0.000900342, 0.000851406, 0.000661649, 0.000578169, 0.000430109, 0.000430109, 0.000540629, 0.000672396, 0.000865542, 0.00104977, 0.00131536, 0.00175175, 0.00177814, 0.00177814, 0.00156365, 0.0014681, 0.00133931, 0.00125415, 0.00117267, 0.00117267, 0.00106747, 0.00144266, 0.00144266, 0.00185993, 0.00201177, 0.00201177, 0.00176006, 0.00400933
0.031398, 0.031398, 0.0278358, 0.0223494, 0.0188822, 0.0177386, 0.014137, 0.010891, 0.00699647, 0.00548476, 0.00397304, 0.00296388, 0.00249073, 0.0015609, 0.0015609, 0.0015609, 0.0015609, 0.0015609, 0.00149399, 0.00149399, 0.00149399, 0.00130761, 0.00130761, 0.00144097, 0.00154178, 0.00164259, 0.00164259, 0.00164259, 0.00164259, 0.00136799, 0.0010934, 0.000900342, 0.000851406, 0.000661649, 0.000650928, 0.000514309, 0.00042407, 0.00048309, 0.000672396, 0.000750542, 0.00104977, 0.0011446, 0.00162942, 0.00162942, 0.00162942, 0.0014681, 0.00133931, 0.00133855, 0.00125415, 0.000933413, 0.00103493, 0.00103493, 0.00144266, 0.00144266, 0.00185993, 0.00201177, 0.00201177, 0.00201177, 0.00152934
0.031398, 0.031398, 0.031398, 0.0245177, 0.0230729, 0.0188822, 0.0183421, 0.0171351, 0.0114221, 0.00699647, 0.00420541, 0.00318023, 0.00141833, 0.00141833, 0.0015609, 0.0015609, 0.0015609, 0.00149399, 0.00149399, 0.00149399, 0.00130761, 0.00130761, 0.00130761, 0.00144097, 0.00154178, 0.00160783, 0.00160783, 0.00160783, 0.00136799, 0.00118517, 0.00100006, 0.000861749, 0.000861749, 0.000851406, 0.000738205, 0.000578169, 0.000545555, 0.000545555, 0.000672396, 0.000750542, 0.000953415, 0.0011446, 0.00130962, 0.00162942, 0.00147069, 0.0014681, 0.00133931, 0.00132713, 0.00133931, 0.00133931, 0.00133931, 0.00129054, 0.00144266, 0.00144266, 0.00185993, 0.00201177, 0.00201177, 0.00201177, 0.00143262
0.0304156, 0.0304156, 0.031398, 0.0223494, 0.0230729, 0.0230729, 0.0230729, 0.0183421, 0.0183421, 0.0114221, 0.00538707, 0.0041152, 0.00281505, 0.00141833, 0.00116768, 0.00125147, 0.00125147, 0.00125147, 0.00119481, 0.00119481, 0.00120222, 0.00130761, 0.00160525, 0.00160654, 0.00160783, 0.00160783, 0.00160783, 0.00144097, 0.00136799, 0.00112324, 0.000953929, 0.000861749, 0.000707721, 0.000683321, 0.000683321, 0.000683321, 0.000578169, 0.000672396, 0.000723844, 0.000775809, 0.00091453, 0.00108593, 0.00125734, 0.00130962, 0.00135661, 0.00132713, 0.00125415, 0.00116975, 0.00114322, 0.000933413, 0.00103493, 0.00103493, 0.00103493, 0.00102577, 0.00114045, 0.00114045, 0.00143262, 0.00143262, 0.00143262
0.00563895, 0.0275186, 0.0275186, 0.0223494, 0.0235859, 0.0235859, 0.0363759, 0.0363759, 0.0330941, 0.0280272, 0.0114221, 0.00538707, 0.0041152, 0.00281505, 0.0015609, 0.0015609, 0.00118679, 0.00118679, 0.00110677, 0.0010534, 0.00120222, 0.00130761, 0.00160525, 0.0017709, 0.00205699, 0.00205699, 0.00205699, 0.00173909, 0.00142119, 0.00112324, 0.00100006, 0.000861749, 0.000788713, 0.000788713, 0.000851406, 0.000868427, 0.000868427, 0.000868427, 0.000868427, 0.000953415, 0.00105607, 0.00119885, 0.00130962, 0.00135121, 0.00135121, 0.00132713, 0.00116461, 0.000945768, 0.000925827, 0.000796321, 0.000796321, 0.000790857, 0.000790857, 0.000673318, 0.00076674, 0.00076674, 0.00102142, 0.00102142, 0.000371592
0.00482393, 0.00563895, 0.00884375, 0.0127919, 0.020104, 0.0235859, 0.0363759, 0.0363759, 0.0340804, 0.0280272, 0.0140053, 0.00538707, 0.0041152, 0.00281505, 0.0017285, 0.00118679, 0.00110677, 0.00105279, 0.001016, 0.001016, 0.0010534, 0.00120222, 0.0014848, 0.0017709, 0.00205699, 0.00205699, 0.00205699, 0.00173909, 0.00142119, 0.00112324, 0.000825279, 0.000738406, 0.000707721, 0.000722936, 0.000868427, 0.000908042, 0.000945327, 0.000945327, 0.000945327, 0.000945327, 0.00105607, 0.00113944, 0.00125734, 0.00125734, 0.00125734, 0.000945768, 0.000925827, 0.000796321, 0.00067707, 0.000479655, 0.000408817, 0.000449827, 0.000449827, 0.000459366, 0.000459366, 0.000459366, 0.000459366, 0.000371592, 0.000347353
0.00452968, 0.00482393, 0.00689155, 0.00884375, 0.0127919, 0.0235859, 0.0340804, 0.0363759, 0.0340804, 0.0280272, 0.0204251, 0.00692617, 0.00383484, 0.00283816, 0.0017285, 0.00119945, 0.00118679, 0.001016, 0.001016, 0.000929513, 0.000929513, 0.00129427, 0.0014848, 0.0017709, 0.00185583, 0.00185583, 0.00185583, 0.00157844, 0.00124326, 0.00112324, 0.000930786, 0.000788713, 0.000788713, 0.000788713, 0.00110407, 0.00110407, 0.00110407, 0.00110407, 0.00109569, 0.00113944, 0.00119885, 0.00119885, 0.00120759, 0.00130962, 0.00120759, 0.000945768, 0.000945768, 0.000510484, 0.000479655, 0.000408817, 0.000408817, 0.000408817, 0.000449827, 0.000449827, 0.000459366, 0.000459366, 0.000459366, 0.000371592, 0.000906065
0.00254628, 0.00452968, 0.00500308, 0.00689155, 0.0102085, 0.0142382, 0.0245601, 0.0395236, 0.0401674, 0.0340804, 0.0241758, 0.0140053, 0.00442756, 0.00319039, 0.0023302, 0.00184148, 0.00152046, 0.00119945, 0.00105063, 0.00102988, 0.00102988, 0.00136377, 0.00169766, 0.00177675, 0.00185583, 0.00185583, 0.00185583, 0.00154955, 0.00131223, 0.00124326, 0.00103133, 0.000930786, 0.000788713, 0.00102088, 0.00110407, 0.00110407, 0.00116063, 0.00123981, 0.00123981, 0.00123981, 0.00120667, 0.00120109, 0.00120109, 0.00105607, 0.00100148, 0.000918535, 0.000863945, 0.000741149, 0.000504666, 0.000479655, 0.000408817, 0.000449827, 0.000449827, 0.000459366, 0.000459366, 0.000459366, 0.000459366, 0.000459366, 0.000593324
0.000998527, 0.00292244, 0.00452968, 0.00500308, 0.0102085, 0.0142382, 0.0245601, 0.0401674, 0.0401674, 0.0401674, 0.0241758, 0.0168717, 0.00692617, 0.00442756, 0.00319039, 0.0023302, 0.0020887, 0.0016513, 0.0012139, 0.00105295, 0.00105295, 0.00136377, 0.00169766, 0.00177675, 0.00185583, 0.00185583, 0.00185583, 0.00154955, 0.00154955, 0.00138072, 0.00138072, 0.00138072, 0.00138072, 0.00122499, 0.00122499, 0.00123981, 0.0013529, 0.0013529, 0.0013529, 0.0013529, 0.0013529, 0.00128928, 0.00120759, 0.00127331, 0.00120759, 0.000992369, 0.000945768, 0.000945768, 0.000767903, 0.000767903, 0.000767903, 0.000699839, 0.000699839, 0.000699839, 0.000699839, 0.000553346, 0.000593324, 0.000593324, 0.000593324
0.000739691, 0.000998527, 0.00228806, 0.00313086, 0.00500308, 0.0142382, 0.0245601, 0.03499, 0.0401674, 0.0401674, 0.0241758, 0.0168717, 0.00836934, 0.00442756, 0.00336544, 0.0023302, 0.0020887, 0.0016513, 0.0012139, 0.00105295, 0.00102988, 0.00108975, 0.0012832, 0.0014192, 0.0014192, 0.0015309, 0.0015309, 0.0015309, 0.0015309, 0.00138072, 0.00138072, 0.00138072, 0.00138072, 0.00132498, 0.00132498, 0.00116063, 0.0013529, 0.0013529, 0.0013529, 0.0013529, 0.0013529, 0.00128928, 0.00127331, 0.00110889, 0.001033, 0.000863945, 0.000863945, 0.000767903, 0.000767903, 0.000767903, 0.000767903, 0.000746865, 0.000746865, 0.000746865, 0.000746865, 0.000598003, 0.000593324, 0.000593324, 0.000593324
0.000821446, 0.000821446, 0.000963146, 0.00228806, 0.00485626, 0.0102085, 0.0245601, 0.0279946, 0.0327743, 0.0327743, 0.0244615, 0.0168717, 0.0113773, 0.00613981, 0.00439376, 0.0032354, 0.00207704, 0.00170397, 0.0012139, 0.00111101, 0.000996938, 0.00108975, 0.00118792, 0.00120863, 0.00140503, 0.0014192, 0.0015309, 0.0015309, 0.00183839, 0.00183839, 0.00183839, 0.00183475, 0.00183475, 0.0015973, 0.00152271, 0.0015031, 0.00146894, 0.00163449, 0.00177402, 0.00173128, 0.00173128, 0.00166288, 0.00162654, 0.00127331, 0.00127331, 0.001033, 0.001033, 0.00103525, 0.00111208, 0.00105079, 0.00105079, 0.00105079, 0.0010641, 0.00100017, 0.000877079, 0.00087302, 0.00068544, 0.000593324, 0.000958595
0.000963146, 0.000881625, 0.000963146, 0.00150421, 0.00275732, 0.00856157, 0.0142382, 0.0273461, 0.0322776, 0.0322776, 0.0244615, 0.020949, 0.0123449, 0.00836934, 0.00451236, 0.0032354, 0.00255818, 0.00188733, 0.00166073, 0.00135343, 0.00115932, 0.00120863, 0.00120863, 0.00130448, 0.00130448, 0.00130448, 0.00126746, 0.00131223, 0.0015309, 0.00174144, 0.00183475, 0.00183475, 0.00183475, 0.00183475, 0.00152271, 0.00146894, 0.00143695, 0.0013529, 0.0013529, 0.0013529, 0.0013529, 0.00128928, 0.00128928, 0.00110889, 0.001033, 0.000782402, 0.000782402, 0.000767903, 0.000767903, 0.000767903, 0.000767903, 0.000746865, 0.000746865, 0.000746865, 0.000746865, 0.000598003, 0.000593324, 0.000593324, 0.000593324
0.00110956, 0.000963146, 0.00110956, 0.00150421, 0.00275732, 0.00856157, 0.0105984, 0.0250865, 0.0273461, 0.0273461, 0.0244615, 0.020949, 0.0123449, 0.00981446, 0.00570221, 0.00451236, 0.00322903, 0.00255818, 0.00201819, 0.00188733, 0.00166073, 0.00143413, 0.00132995, 0.00140503, 0.00140503, 0.00140503, 0.00140503, 0.0015309, 0.00183559, 0.00183839, 0.00198788, 0.00221875, 0.00221875, 0.00221875, 0.00200569, 0.00166013, 0.00146894, 0.00146147, 0.00143695, 0.001406, 0.00127371, 0.00127371, 0.00127371, 0.00110889, 0.001033, 0.000798428, 0.000798428, 0.000798428, 0.000798428, 0.000743539, 0.000746865, 0.000746865, 0.000746865, 0.000746865, 0.000746865, 0.00059896, 0.00059896, 0.000593324, 0.000533992
0.000944194, 0.000944194, 0.000963146, 0.00150421, 0.00275732, 0.00856157, 0.0126498, 0.0242301, 0.0250865, 0.0244615, 0.0222959, 0.020949, 0.0123449, 0.00981446, 0.00570221, 0.00451236, 0.00322903, 0.00255818, 0.00201819, 0.00188733, 0.00167083, 0.00167083, 0.00149482, 0.00145881, 0.00130448, 0.00125581, 0.00125212, 0.00122208, 0.00144074, 0.00174144, 0.00221875, 0.00221875, 0.00221875, 0.00221875, 0.00221875, 0.00195468, 0.00166013, 0.001406, 0.00127927, 0.00111848, 0.00109075, 0.000946516, 0.000699505, 0.000699505, 0.000729263, 0.000729263, 0.000729805, 0.000729805, 0.000729805, 0.000663277, 0.000663277, 0.000585469, 0.000585469, 0.000598003, 0.000598003, 0.000598003, 0.000593324, 0.000533992, 0.000533992
0.00111422, 0.00108909, 0.00110956, 0.00182052, 0.00275732, 0.00819075, 0.0126498, 0.0223943, 0.0223943, 0.0231068, 0.0222959, 0.0187529, 0.0123449, 0.00981446, 0.00570221, 0.00451236, 0.00255818, 0.00218682, 0.00201819, 0.00201819, 0.00201819, 0.00167083, 0.00150653, 0.00149482, 0.00145881, 0.00130448, 0.00125581, 0.00144074, 0.00183559, 0.00189946, 0.00205442, 0.00236769, 0.00262878, 0.00262878, 0.00262878, 0.00252761, 0.00195468, 0.00166013, 0.00127927, 0.00109075, 0.000946516, 0.000609015, 0.000539144, 0.000541127, 0.000541127, 0.000541127, 0.000541127, 0.000530474, 0.000530474, 0.0005206, 0.000522069, 0.000534746, 0.000534746, 0.000534746, 0.00059896, 0.00059896, 0.00059896, 0.000533992, 0.000653949
0.00111422, 0.00108909, 0.00111422, 0.00182052, 0.00256211, 0.00819075, 0.0126498, 0.0223943, 0.0223943, 0.0222959, 0.0187529, 0.0142326, 0.0115808, 0.010398, 0.00582894, 0.00418486, 0.00279382, 0.00228408, 0.00201819, 0.00201819, 0.00201819, 0.00167083, 0.00150653, 0.00150653, 0.00149482, 0.00150653, 0.00144074, 0.00181938, 0.00181938, 0.00183559, 0.00189946, 0.00205442, 0.00221875, 0.00221875, 0.00221875, 0.00217147, 0.00207386, 0.00175439, 0.00127927, 0.00109075, 0.000609015, 0.000539144, 0.000515417, 0.000449082, 0.000386683, 0.000386683, 0.000286104, 0.000305452, 0.000373898, 0.000394897, 0.000419514, 0.000419514, 0.000432738, 0.000440368, 0.000440368, 0.000440368, 0.000533992, 0.000533992, 0.000533992
0.000584128, 0.00108909, 0.00111422, 0.00182052, 0.00256211, 0.00819075, 0.0126498, 0.0179816, 0.0179816, 0.0187529, 0.0178797, 0.0133399, 0.0115808, 0.010398, 0.00582894, 0.00418486, 0.00348354, 0.00279382, 0.00230437, 0.00220423, 0.00209777, 0.00199387, 0.00150653, 0.00150653, 0.00165957, 0.00177621, 0.00181938, 0.0018749, 0.0018749, 0.0018749, 0.0016747, 0.0016747, 0.00198677, 0.00217147, 0.00217147, 0.00217147, 0.00207386, 0.00178668, 0.00156747, 0.00119283, 0.000570301, 0.000539144, 0.000403059, 0.000386683, 0.000286104, 0.000256716, 0.000254679, 0.000206776, 0.000243241, 0.000305452, 0.000373898, 0.000409099, 0.000432738, 0.000440368, 0.000440368, 0.000440368, 0.000533992, 0.000533992, 0.000397166
0.000584128, 0.000584128, 0.00108909, 0.00182052, 0.00256211, 0.00819075, 0.0179816, 0.0200119, 0.0200119, 0.0187529, 0.0178797, 0.0133399, 0.0115808, 0.010398, 0.00582894, 0.00418486, 0.00348354, 0.00279382, 0.00230437, 0.00220423, 0.00209777, 0.00199387, 0.00149482, 0.00149482, 0.00176386, 0.00181938, 0.00202286, 0.00189946, 0.0018749, 0.00158525, 0.00135043, 0.000732231, 0.00105406, 0.0014995, 0.00178668, 0.00207386, 0.00178668, 0.00178668, 0.00156747, 0.00119283, 0.000540614, 0.000471101, 0.000357992, 0.000291564, 0.000254679, 0.000180373, 0.000170255, 0.000100435, 0.000106656, 0.00012282, 0.00017361, 0.0002244, 0.000288772, 0.000353145, 0.000375155, 0.000397166, 0.000397166, 0.000397166, 0.000397166
0.000464292, 0.000584128, 0.00103896, 0.00248891, 0.00722528, 0.0200119, 0.0200119, 0.0200119, 0.0179816, 0.0178797, 0.0158681, 0.0124893, 0.0111297, 0.00718302, 0.0050069, 0.00348354, 0.00279382, 0.00263961, 0.00256619, 0.00220423, 0.00200405, 0.00149177, 0.00146653, 0.00146653, 0.00181938, 0.00241273, 0.00241273, 0.00202286, 0.00158525, 0.000798304, 0.000473686, 0.000473686, 0.000629646, 0.00105406, 0.0014995, 0.00160774, 0.00178668, 0.00160774, 0.00138015, 0.000974629, 0.000471101, 0.000386683, 0.000291564, 0.000240075, 0.000170255, 0.000100435, 8.75602e-05, 8.75602e-05, 8.30776e-05, 8.34069e-05, 8.34069e-05, 0.00015674, 0.00019039, 0.000285672, 0.000288772, 0.000353145, 0.000353145, 0.000353145, 0.000268131
0.000392995, 0.00248891, 0.00248891, 0.0200119, 0.0200119, 0.0316836, 0.0200119, 0.0200119, 0.0158681, 0.0158681, 0.0124893, 0.0111297, 0.00718302, 0.0050069, 0.00301361, 0.00279382, 0.00256619, 0.00263961, 0.00230437, 0.00200405, 0.00148827, 0.00146094, 0.00146094, 0.00294742, 0.00241273, 0.00241273, 0.00241273, 0.0012956, 0.000798304, 0.000366161, 0.000366161, 0.00092662, 0.00092662, 0.00160071, 0.00160071, 0.00201093, 0.00160071, 0.00138015, 0.000974629, 0.000471101, 0.000357992, 0.000291564, 0.000170255, 0.000137858, 7.84939e-05, 8.75602e-05, 7.84939e-05, 8.30776e-05, 7.11602e-05, 8.34069e-05, 8.34069e-05, 0.00019039, 0.00019039, 0.000398758, 0.000284043, 0.000285672, 0.000284043, 0.000268131, 0.000167094